statuses_count,followers_count,friends_count,favourites_count,listed_count,Target
106,44,176,3448,0,1
21,10,56,98,2,1
24,4,588,16,0,0
656,57,693,597,0,0
1234,15,104,1150,0,0
573,14,227,530,0,0
675,18,519,653,0,0
1333,73,1998,1262,1,0
99,26,1548,80,0,0
553,63,1930,497,0,0
1576,8,501,1402,1,0
1378,48,1998,1108,0,0
1444,35,390,1283,0,0
1351,7,328,1273,1,0
43,17,641,0,0,0
50,20,630,0,0,0
68,22,602,0,0,0
60,14,592,0,0,0
52,27,620,0,0,0
67,32,639,0,0,0
44,21,614,0,0,0
66,23,650,0,0,0
56,20,643,0,0,0
65,23,641,0,0,0
79,20,779,0,0,0
59,16,622,0,0,0
64,15,649,0,0,0
81,29,756,0,0,0
62,25,600,0,0,0
70,22,621,0,0,0
52,19,735,0,0,0
69,25,625,0,0,0
57,20,621,0,0,0
45,12,638,0,0,0
57,16,631,0,0,0
66,29,623,0,0,0
56,19,686,0,0,0
59,24,619,0,0,0
58,23,603,0,0,0
57,27,602,0,0,0
55,21,614,0,0,0
59,16,599,0,0,0
63,20,663,0,0,0
62,24,598,0,0,0
54,16,637,0,0,0
56,17,684,0,0,0
42,21,609,0,0,0
78,28,732,0,0,0
62,16,630,0,0,0
59,17,654,0,0,0
54,18,638,0,0,0
63,27,652,0,0,0
48,23,599,0,0,0
69,20,652,0,0,0
61,22,609,0,0,0
81,23,807,0,0,0
64,24,638,0,0,0
63,26,593,0,0,0
62,22,671,0,0,0
57,29,673,0,0,0
63,20,630,0,0,0
66,20,722,0,0,0
61,17,610,0,0,0
70,24,655,0,0,0
60,12,572,0,0,0
70,27,669,0,0,0
65,20,610,0,0,0
62,42,651,0,0,0
83,27,801,0,0,0
54,31,599,0,0,0
158,30,1221,0,0,0
53,22,589,0,0,0
66,30,748,0,0,0
61,23,721,0,0,0
56,27,585,0,0,0
67,21,639,0,0,0
53,26,504,0,0,0
81,26,703,0,0,0
66,11,615,0,0,0
56,23,641,0,0,0
66,22,581,0,0,0
56,19,681,1,0,0
64,19,594,0,0,0
58,35,665,0,0,0
72,25,564,0,0,0
77,21,581,0,0,0
60,19,606,0,0,0
60,28,579,0,0,0
65,27,617,0,0,0
66,25,731,0,0,0
69,24,645,0,0,0
63,32,603,0,0,0
59,13,542,0,0,0
57,13,568,0,0,0
75,22,578,0,0,0
61,18,624,0,0,0
72,34,685,0,0,0
56,19,599,0,0,0
45,26,596,0,0,0
54,26,629,0,0,0
52,18,608,0,0,0
53,11,586,0,0,0
63,31,507,0,0,0
54,24,672,0,0,0
54,17,558,0,0,0
65,25,742,0,0,0
46,16,591,0,0,0
48,28,582,0,0,0
58,15,616,0,0,0
61,23,635,0,0,0
60,18,625,0,0,0
61,16,688,0,0,0
80,23,589,0,0,0
56,21,550,0,0,0
70,26,709,1,0,0
71,20,528,0,0,0
58,19,583,0,0,0
107,33,1002,0,0,0
68,30,560,0,0,0
54,24,592,0,0,0
37,23,559,0,0,0
53,22,622,0,0,0
67,24,678,0,0,0
46,24,589,0,0,0
60,27,566,0,0,0
58,26,559,0,0,0
48,20,590,0,0,0
65,23,590,0,0,0
56,22,541,0,0,0
55,27,617,0,0,0
75,21,592,0,0,0
50,23,556,0,0,0
51,12,503,0,0,0
45,22,509,0,0,0
45,27,702,0,0,0
78,25,752,0,0,0
55,34,574,0,0,0
39,24,526,0,0,0
65,26,550,0,0,0
44,20,562,0,0,0
60,23,577,0,0,0
55,28,611,0,0,0
65,25,639,0,0,0
47,16,552,0,0,0
67,23,684,0,0,0
69,27,698,0,0,0
59,20,618,0,0,0
41,15,558,0,0,0
56,20,734,0,0,0
44,22,572,0,0,0
72,21,721,0,0,0
52,25,527,0,0,0
59,24,656,0,0,0
70,22,639,0,0,0
57,27,565,0,0,0
55,22,511,0,0,0
57,21,579,0,0,0
51,25,623,0,0,0
65,23,640,0,0,0
56,26,496,0,0,0
63,21,654,0,0,0
47,17,609,0,0,0
60,25,561,0,0,0
68,18,606,0,0,0
64,24,721,0,0,0
69,26,587,0,0,0
61,27,782,0,0,0
96,38,827,0,0,0
50,19,506,0,0,0
67,27,703,0,0,0
67,19,624,0,0,0
56,26,611,0,0,0
54,18,551,0,0,0
46,22,575,0,0,0
46,15,542,0,0,0
66,27,653,0,0,0
38,16,515,0,0,0
42,12,535,0,0,0
64,25,626,0,0,0
66,22,637,0,0,0
69,24,712,0,0,0
55,15,543,0,0,0
56,27,511,0,0,0
54,23,470,0,0,0
57,20,636,0,0,0
59,24,582,0,0,0
62,20,537,0,0,0
59,15,563,0,0,0
52,23,548,0,0,0
44,7,442,0,0,0
52,18,519,0,0,0
62,17,610,0,0,0
55,19,527,0,0,0
69,20,600,0,0,0
71,16,672,0,0,0
48,23,543,0,0,0
48,22,500,0,0,0
53,18,524,0,0,0
57,19,593,0,0,0
47,18,515,0,0,0
67,30,579,0,0,0
67,24,736,0,0,0
47,27,534,0,0,0
39,21,523,0,0,0
60,21,555,0,0,0
52,21,527,0,0,0
51,24,544,0,0,0
53,17,452,0,0,0
65,17,607,0,0,0
43,21,535,0,0,0
48,22,568,0,0,0
43,17,523,0,0,0
61,20,537,0,0,0
53,20,518,0,0,0
46,16,529,0,0,0
42,21,534,0,0,0
45,25,513,0,0,0
52,15,543,0,0,0
63,20,572,0,0,0
51,25,508,0,0,0
52,28,540,0,0,0
56,25,527,0,0,0
53,19,566,0,0,0
64,19,556,0,0,0
40,22,527,0,0,0
58,20,524,0,0,0
48,27,536,0,0,0
57,18,513,0,0,0
45,23,529,0,0,0
56,11,554,0,0,0
39,15,546,0,0,0
53,22,544,0,0,0
63,22,575,0,0,0
52,19,495,0,0,0
40,20,548,0,0,0
39,22,595,0,0,0
57,22,623,0,0,0
60,15,540,0,0,0
47,23,520,0,0,0
61,37,726,0,0,0
57,23,528,0,0,0
56,24,507,0,0,0
42,15,512,0,0,0
51,22,547,0,0,0
47,18,503,0,0,0
40,22,468,0,0,0
61,17,520,3,0,0
64,23,603,0,0,0
58,24,706,0,0,0
54,23,512,0,0,0
41,18,538,0,0,0
54,13,504,0,0,0
46,17,506,0,0,0
49,16,559,0,0,0
52,31,583,0,0,0
44,21,557,0,0,0
58,26,648,0,0,0
62,23,549,0,0,0
45,20,515,0,0,0
51,20,518,0,0,0
58,21,551,0,0,0
44,26,501,0,0,0
55,15,498,0,0,0
40,20,511,0,0,0
44,25,593,0,0,0
49,28,506,0,0,0
51,18,535,0,0,0
67,27,616,0,0,0
44,19,547,0,0,0
42,26,532,0,0,0
52,15,565,0,0,0
55,25,526,0,0,0
43,33,651,0,0,0
52,18,508,0,0,0
62,16,561,0,0,0
37,16,445,0,0,0
50,13,547,0,0,0
46,35,519,0,0,0
44,19,404,0,0,0
56,24,483,0,0,0
48,19,427,0,0,0
39,14,432,0,0,0
44,31,628,0,0,0
69,18,627,0,0,0
60,28,625,0,0,0
49,22,581,0,0,0
65,19,617,0,0,0
67,15,593,0,0,0
0,0,0,0,0,0
59,28,615,0,0,0
64,22,624,0,0,0
54,27,773,0,0,0
65,26,619,0,0,0
63,21,782,0,0,0
65,17,650,0,0,0
65,23,838,0,0,0
52,16,573,0,0,0
71,23,666,0,0,0
70,23,603,0,0,0
60,23,738,0,0,0
62,20,730,0,0,0
58,20,593,0,0,0
64,15,601,0,0,0
56,18,614,0,0,0
114,26,1098,0,0,0
83,21,713,0,0,0
83,19,699,0,0,0
62,29,651,0,0,0
69,15,668,0,0,0
72,18,658,0,0,0
69,22,617,0,0,0
153,31,1152,0,0,0
51,22,672,0,0,0
43,15,573,0,0,0
58,26,639,0,0,0
64,23,621,0,0,0
51,23,584,0,0,0
115,27,962,0,0,0
64,28,708,0,0,0
94,32,1015,0,0,0
68,19,641,0,0,0
89,20,850,0,0,0
55,26,626,0,0,0
70,21,843,0,0,0
55,13,740,0,0,0
73,18,619,0,0,0
50,17,587,0,0,0
75,28,687,0,0,0
58,22,585,0,0,0
56,18,656,0,0,0
70,28,771,0,0,0
67,18,636,0,0,0
73,27,718,0,0,0
74,19,736,0,0,0
60,24,549,0,0,0
63,20,715,1,0,0
64,26,585,0,0,0
52,16,699,0,0,0
64,16,602,0,0,0
47,25,575,0,0,0
69,13,526,0,0,0
65,19,808,0,0,0
76,15,651,0,0,0
50,17,519,0,0,0
54,22,595,0,0,0
68,20,664,0,0,0
51,14,530,0,0,0
50,22,530,0,0,0
53,24,646,0,0,0
56,23,565,0,0,0
65,30,734,0,0,0
52,24,579,0,0,0
80,33,852,0,0,0
53,27,625,0,0,0
60,25,652,0,0,0
60,20,564,0,0,0
48,28,771,0,0,0
68,15,521,0,0,0
78,20,647,0,0,0
58,23,549,0,0,0
49,24,538,0,0,0
62,22,517,0,0,0
55,19,551,0,0,0
59,19,594,0,0,0
60,21,552,0,0,0
44,29,481,0,0,0
54,25,524,0,0,0
56,21,507,0,0,0
72,20,702,0,0,0
64,27,557,0,0,0
57,21,577,0,0,0
51,18,548,0,0,0
59,17,566,0,0,0
61,22,560,0,0,0
41,26,588,0,0,0
57,22,518,0,0,0
36,20,565,0,0,0
40,23,582,0,0,0
36,17,547,0,0,0
77,29,753,0,0,0
64,17,624,0,0,0
41,19,665,0,0,0
48,29,517,0,0,0
49,19,507,0,0,0
41,16,531,0,0,0
66,23,583,0,0,0
58,19,499,0,0,0
51,25,552,0,0,0
56,24,584,0,0,0
62,14,562,0,0,0
53,15,578,0,0,0
50,25,489,0,0,0
48,18,500,0,0,0
39,16,451,0,0,0
63,28,634,0,0,0
58,20,607,1,0,0
52,16,493,0,0,0
62,22,505,0,0,0
58,15,475,0,0,0
61,25,619,0,0,0
46,20,534,0,0,0
48,22,541,0,1,0
55,20,566,0,0,0
48,21,549,0,0,0
50,15,508,0,0,0
46,20,502,0,0,0
40,18,525,0,0,0
47,32,522,0,0,0
57,16,519,0,0,0
48,10,408,0,0,0
75,34,749,0,0,0
60,15,559,0,0,0
55,23,548,0,0,0
39,25,511,0,0,0
59,23,543,0,0,0
43,23,492,0,0,0
58,23,585,0,0,0
44,26,595,0,0,0
49,22,478,0,0,0
40,17,446,0,0,0
42,19,473,0,0,0
57,24,490,0,0,0
41,24,462,0,0,0
49,18,501,0,0,0
45,21,491,0,0,0
59,26,630,0,0,0
42,19,434,0,0,0
26,20,461,0,0,0
44,16,485,0,0,0
59,25,644,0,0,0
41,16,451,0,0,0
40,24,404,0,0,0
42,20,474,0,0,0
31,22,393,0,0,0
53,20,460,0,0,0
40,20,498,0,0,0
47,13,483,0,0,0
45,16,438,0,0,0
51,19,511,0,0,0
49,21,527,0,0,0
54,22,517,0,0,0
44,16,355,0,0,0
35,20,412,0,0,0
54,18,456,0,0,0
41,9,440,0,0,0
38,26,464,0,0,0
39,24,390,0,0,0
25,12,394,0,0,0
35,18,421,0,0,0
48,13,403,0,0,0
38,24,404,0,0,0
39,19,377,0,0,0
46,17,397,0,0,0
45,21,399,0,0,0
33,21,414,0,0,0
41,23,431,0,0,0
39,15,395,0,0,0
52,26,398,0,0,0
35,13,379,0,0,0
45,21,484,0,0,0
39,14,529,0,0,0
28,21,464,0,0,0
34,10,415,0,0,0
47,19,384,0,0,0
43,27,400,0,0,0
42,19,401,0,0,0
34,13,429,0,0,0
32,13,374,0,0,0
37,22,363,0,0,0
44,25,400,0,0,0
38,10,405,0,0,0
31,20,397,0,0,0
54,18,400,0,0,0
29,18,373,0,0,0
28,18,390,0,0,0
35,11,394,0,0,0
39,18,382,0,0,0
42,21,418,0,0,0
29,12,365,0,0,0
36,19,394,0,0,0
41,24,431,0,0,0
46,15,399,0,0,0
30,15,381,0,0,0
40,23,389,0,0,0
37,15,384,0,0,0
42,10,388,0,0,0
37,19,411,0,0,0
27,20,359,0,0,0
36,18,353,0,0,0
41,19,354,0,0,0
44,16,402,0,0,0
38,15,344,0,0,0
33,23,408,0,0,0
38,20,365,0,0,0
31,25,360,0,0,0
30,20,358,0,0,0
49,12,366,0,0,0
38,18,364,0,0,0
149,43,936,0,0,0
47,21,365,0,0,0
34,20,406,0,0,0
40,18,386,0,0,0
43,14,404,0,0,0
37,13,404,0,0,0
33,18,390,0,0,0
44,14,398,0,0,0
33,15,340,1,0,0
40,18,452,0,0,0
27,21,365,0,0,0
44,16,385,0,0,0
36,18,373,0,0,0
38,25,379,0,0,0
39,28,407,0,0,0
30,20,407,0,0,0
30,16,385,0,0,0
51,16,375,0,0,0
38,13,391,0,0,0
35,17,360,0,0,0
111,32,954,0,0,0
51,23,351,0,0,0
40,23,407,0,0,0
38,18,381,0,0,0
28,12,402,0,0,0
50,12,393,0,0,0
39,14,379,0,0,0
37,21,337,0,0,0
37,21,424,0,0,0
36,19,384,0,0,0
37,21,360,0,0,0
34,16,380,0,0,0
36,16,346,0,0,0
46,15,422,0,0,0
33,22,432,0,0,0
14,18,315,0,0,0
38,24,395,0,0,0
40,18,358,0,0,0
31,16,329,0,0,0
61,29,476,0,0,0
42,19,368,0,0,0
33,25,342,0,0,0
25,20,388,0,0,0
37,24,373,0,0,0
23,10,339,0,0,0
30,17,355,0,0,0
35,21,349,0,0,0
40,18,365,0,0,0
47,13,366,0,0,0
42,20,349,0,0,0
34,20,370,0,0,0
29,15,336,0,0,0
36,18,338,0,0,0
39,23,373,0,0,0
25,17,377,0,0,0
35,17,333,0,0,0
42,20,337,0,0,0
35,19,326,0,0,0
42,20,407,0,0,0
39,20,366,0,0,0
48,23,389,0,0,0
31,14,351,0,0,0
50,14,365,0,0,0
37,19,337,0,0,0
46,8,398,0,0,0
42,18,381,0,0,0
30,14,300,0,0,0
37,20,383,0,0,0
42,11,362,0,0,0
33,14,365,0,0,0
27,18,371,0,0,0
34,16,349,0,0,0
26,16,369,0,0,0
33,16,330,0,0,0
41,15,369,0,0,0
23,18,357,0,0,0
41,10,361,0,0,0
30,24,406,0,0,0
50,18,333,0,0,0
30,12,322,0,0,0
37,16,345,0,0,0
39,18,334,0,0,0
41,11,370,0,0,0
32,18,390,0,0,0
39,18,394,0,0,0
27,23,349,0,0,0
54,23,459,0,0,0
39,19,336,0,0,0
34,25,361,0,0,0
33,20,321,0,0,0
32,17,310,0,0,0
62,13,515,0,0,0
39,17,341,0,0,0
47,17,345,0,0,0
32,23,353,0,0,0
28,18,350,0,0,0
31,22,285,0,0,0
38,16,384,0,0,0
39,11,317,0,0,0
41,25,367,0,0,0
71,25,503,0,0,0
28,15,394,0,0,0
63,26,532,0,0,0
36,22,346,0,0,0
35,22,340,0,0,0
50,22,453,0,0,0
60,24,521,0,0,0
56,27,490,0,0,0
39,23,359,0,0,0
29,19,340,0,0,0
35,22,372,0,0,0
40,13,385,0,0,0
36,15,320,0,0,0
17,15,312,0,0,0
37,13,310,0,0,0
29,18,318,0,0,0
23,22,357,0,0,0
48,20,330,0,0,0
39,26,360,0,0,0
42,19,330,0,0,0
25,15,364,0,0,0
34,12,346,0,0,0
38,21,338,0,0,0
61,28,530,0,0,0
32,17,315,0,0,0
39,18,305,0,0,0
56,20,539,0,0,0
60,22,528,0,0,0
46,14,336,0,0,0
28,9,338,0,0,0
39,14,370,0,0,0
28,14,321,0,0,0
36,22,314,0,0,0
29,13,312,0,0,0
50,25,443,0,0,0
28,16,327,0,0,0
60,23,501,0,0,0
33,12,320,0,0,0
51,18,403,0,0,0
50,15,372,0,0,0
62,25,519,0,0,0
50,23,539,0,0,0
32,23,344,0,0,0
33,20,348,0,0,0
38,14,315,0,0,0
57,27,520,0,0,0
29,8,344,0,0,0
28,19,353,0,0,0
24,12,327,0,0,0
30,17,318,0,0,0
42,12,356,0,0,0
45,20,370,0,0,0
31,23,350,0,0,0
37,19,388,0,0,0
41,18,333,0,0,0
41,16,343,0,0,0
37,21,336,0,0,0
38,16,429,0,0,0
27,12,312,0,0,0
46,11,408,0,0,0
34,16,319,0,0,0
28,13,346,0,0,0
34,25,328,0,0,0
23,17,295,0,0,0
30,19,304,0,0,0
36,12,334,0,0,0
31,24,379,0,0,0
42,14,347,0,0,0
27,10,336,0,0,0
35,13,321,0,0,0
31,21,335,0,0,0
20,15,353,0,0,0
37,16,373,0,0,0
31,13,329,0,0,0
21,17,362,0,0,0
34,15,337,0,0,0
26,17,344,0,0,0
41,20,332,0,0,0
35,16,334,0,0,0
39,11,319,0,0,0
29,8,342,0,0,0
27,16,310,0,0,0
26,17,300,0,0,0
33,13,334,0,0,0
39,18,312,0,0,0
42,24,349,0,0,0
27,15,348,1,0,0
30,25,299,0,0,0
42,14,348,0,0,0
35,20,309,0,0,0
52,17,418,0,0,0
26,17,333,0,0,0
35,20,350,0,0,0
30,17,351,0,0,0
44,10,394,0,0,0
39,15,332,0,0,0
41,16,311,0,0,0
36,14,332,0,0,0
35,14,273,0,0,0
34,16,336,1,0,0
30,15,343,0,0,0
29,22,293,0,0,0
31,17,343,0,0,0
33,12,302,0,0,0
35,15,326,0,0,0
36,18,328,0,0,0
50,11,355,0,0,0
21,11,329,0,0,0
33,20,322,0,0,0
25,12,311,0,0,0
33,10,276,0,0,0
36,12,350,0,0,0
32,16,316,0,0,0
34,18,333,0,0,0
46,16,374,0,0,0
31,19,370,0,0,0
24,7,321,0,0,0
32,12,321,0,0,0
34,13,330,0,0,0
48,20,412,0,0,0
39,23,371,0,0,0
33,29,313,0,0,0
42,22,312,0,0,0
36,17,335,0,0,0
31,19,337,0,0,0
35,15,308,0,0,0
20,11,354,0,0,0
41,14,330,0,0,0
35,14,327,0,0,0
26,19,323,0,0,0
26,17,325,0,0,0
42,9,333,0,0,0
26,23,341,0,0,0
30,12,333,0,0,0
59,22,540,0,0,0
47,15,520,0,0,0
53,17,536,0,0,0
32,17,325,0,0,0
34,23,354,0,0,0
30,17,314,0,0,0
32,18,302,0,0,0
35,10,293,0,0,0
61,30,535,0,0,0
29,20,333,0,0,0
33,18,326,0,0,0
33,13,314,0,0,0
29,27,361,0,0,0
33,12,327,0,0,0
36,15,322,0,0,0
43,14,317,0,0,0
31,18,347,0,0,0
16,15,322,0,0,0
26,14,314,0,0,0
30,13,307,0,0,0
32,17,319,0,0,0
48,14,361,0,0,0
26,17,313,0,0,0
40,15,338,0,0,0
26,14,323,0,0,0
30,10,292,0,0,0
28,13,347,0,0,0
27,20,299,0,0,0
19,21,276,0,0,0
28,16,299,0,0,0
23,15,324,0,0,0
32,17,336,0,0,0
23,19,310,0,0,0
31,12,305,0,0,0
24,17,305,0,0,0
25,14,348,0,0,0
30,17,295,0,0,0
34,22,286,0,0,0
38,23,323,0,0,0
37,25,323,0,0,0
38,17,288,2,0,0
54,23,517,0,0,0
29,18,263,0,0,0
44,16,326,0,0,0
22,18,305,0,0,0
26,18,303,0,0,0
29,18,324,0,0,0
36,21,313,0,0,0
35,15,294,0,0,0
28,25,318,0,0,0
39,16,336,0,0,0
44,17,323,0,0,0
24,32,265,0,0,0
27,18,301,0,0,0
35,18,314,0,0,0
31,17,322,0,0,0
26,14,305,0,0,0
30,15,321,0,0,0
29,20,309,0,0,0
35,16,306,0,0,0
33,9,298,0,0,0
54,24,657,0,0,0
23,20,308,0,0,0
20,18,317,0,0,0
28,13,332,0,0,0
33,16,323,0,0,0
28,11,306,0,0,0
58,23,461,0,0,0
26,14,326,0,0,0
32,32,326,0,0,0
32,15,328,0,0,0
21,16,288,0,0,0
57,22,468,0,0,0
33,17,326,0,0,0
28,24,320,0,0,0
35,15,321,0,0,0
32,23,352,0,0,0
32,22,351,0,0,0
54,17,536,0,0,0
16,10,306,0,0,0
50,19,543,0,0,0
29,16,292,0,0,0
41,25,349,0,0,0
31,16,338,0,0,0
59,24,626,0,0,0
36,18,330,0,0,0
31,19,315,0,0,0
28,14,316,0,0,0
60,20,527,0,0,0
36,18,286,0,0,0
26,19,311,0,0,0
61,19,494,0,0,0
18,23,272,0,0,0
30,15,280,0,0,0
22,14,260,0,0,0
26,13,273,0,0,0
29,18,309,0,0,0
55,23,624,0,0,0
58,48,481,0,0,0
54,31,536,1,0,0
28,16,325,0,0,0
23,15,323,0,0,0
32,21,326,0,0,0
35,18,310,0,0,0
20,9,334,0,0,0
54,26,500,0,0,0
36,0,2,0,0,0
52,25,533,0,0,0
30,22,270,0,0,0
34,23,342,0,0,0
20,11,294,0,0,0
34,26,302,0,0,0
34,21,316,0,0,0
50,18,685,0,0,0
26,11,302,0,0,0
35,18,365,0,0,0
29,23,306,0,0,0
16,15,268,0,0,0
63,28,535,0,0,0
26,15,284,0,0,0
34,20,280,0,0,0
37,12,317,0,0,0
41,20,332,0,0,0
27,24,294,0,0,0
34,14,319,0,0,0
23,10,297,0,0,0
27,16,318,0,0,0
21,18,267,0,0,0
35,17,313,0,0,0
29,18,325,0,0,0
30,9,264,0,0,0
33,24,336,0,0,0
25,14,302,0,0,0
31,13,327,0,0,0
37,23,310,0,0,0
32,17,308,0,0,0
33,11,345,0,0,0
33,18,266,0,0,0
34,16,275,0,0,0
25,20,313,0,0,0
38,13,320,0,0,0
22,17,262,0,0,0
20,17,304,0,0,0
23,12,269,0,0,0
47,16,328,0,0,0
19,16,289,0,0,0
67,22,668,5,0,0
25,18,308,0,0,0
37,20,326,0,0,0
31,16,315,0,0,0
32,14,293,0,0,0
32,20,287,0,0,0
54,21,514,0,0,0
26,13,282,0,0,0
25,15,274,0,0,0
31,14,307,0,0,0
28,18,297,0,0,0
28,25,269,0,0,0
21,17,303,0,0,0
20,15,319,0,0,0
24,12,272,0,0,0
23,18,284,0,0,0
20,18,277,0,0,0
26,15,308,0,0,0
30,20,313,0,0,0
31,19,267,0,0,0
23,19,319,0,0,0
33,13,341,0,0,0
29,19,228,0,0,0
32,21,289,0,0,0
17,21,284,0,0,0
31,15,317,0,0,0
23,16,299,0,0,0
30,16,293,0,0,0
29,19,298,0,0,0
27,14,289,0,0,0
23,23,288,0,0,0
26,19,280,0,0,0
34,10,281,0,0,0
22,12,314,0,0,0
35,21,255,0,0,0
23,17,295,0,0,0
33,10,266,0,0,0
40,16,305,0,0,0
35,12,307,0,0,0
23,14,263,0,0,0
27,14,285,0,0,0
26,16,302,0,0,0
32,17,267,0,0,0
25,18,267,0,0,0
28,22,279,0,0,0
29,15,270,0,0,0
24,18,267,0,0,0
24,15,301,0,0,0
32,15,276,0,0,0
31,8,259,0,0,0
29,6,245,0,0,0
28,20,288,0,0,0
39,16,277,0,0,0
26,13,262,0,0,0
24,12,307,0,0,0
20,16,303,0,0,0
26,12,278,0,0,0
31,18,270,0,0,0
25,24,270,0,0,0
26,12,288,0,0,0
29,16,262,0,0,0
29,7,241,0,0,0
29,23,307,0,0,0
20,12,272,0,0,0
27,19,272,0,0,0
30,16,273,0,0,0
24,17,288,0,0,0
24,22,260,0,0,0
25,11,280,0,0,0
27,16,299,0,0,0
22,21,279,0,0,0
23,17,287,0,0,0
24,17,316,0,0,0
34,15,274,0,0,0
29,17,283,0,0,0
31,20,295,0,0,0
27,18,320,2,0,0
16,13,294,0,0,0
17,23,263,0,0,0
31,15,316,0,0,0
28,16,288,0,0,0
31,12,290,0,0,0
35,16,302,0,0,0
29,19,313,0,0,0
22,22,274,0,0,0
27,18,272,0,0,0
17,20,276,0,0,0
36,18,301,0,0,0
23,16,314,0,0,0
29,22,278,0,0,0
25,15,289,0,0,0
28,16,331,0,0,0
29,11,293,0,0,0
36,14,303,1,0,0
32,12,308,0,0,0
31,13,287,0,0,0
44,12,298,0,0,0
27,11,307,0,0,0
24,10,306,0,0,0
24,13,283,0,0,0
63,16,637,0,0,0
20,11,282,0,0,0
55,17,569,0,0,0
32,14,285,0,0,0
31,20,288,0,0,0
67,27,681,0,0,0
30,18,264,0,0,0
20,11,289,0,0,0
60,21,635,0,0,0
30,16,308,0,0,0
24,22,280,0,0,0
61,21,649,0,0,0
27,12,283,0,0,0
24,18,271,0,0,0
56,30,614,0,0,0
20,21,277,0,0,0
32,9,287,0,0,0
27,15,294,0,0,0
57,25,577,0,0,0
27,20,289,0,0,0
38,20,332,0,0,0
25,22,266,0,0,0
22,18,244,0,0,0
26,21,259,0,0,0
37,18,549,0,0,0
28,15,270,0,0,0
29,13,273,0,0,0
32,8,291,0,0,0
28,12,295,0,0,0
26,16,280,0,0,0
33,21,291,0,0,0
30,25,262,0,0,0
20,13,256,0,0,0
25,18,319,0,0,0
35,18,286,0,0,0
29,17,281,0,0,0
17,20,282,0,0,0
25,25,250,0,0,0
26,17,278,0,0,0
38,14,283,0,0,0
30,17,276,0,0,0
28,14,249,0,0,0
20,15,296,0,0,0
24,17,273,0,0,0
28,13,282,0,0,0
32,9,308,0,0,0
28,14,281,0,0,0
29,18,280,0,0,0
26,10,237,0,0,0
28,16,266,0,0,0
27,16,255,0,0,0
23,21,253,0,0,0
25,13,326,0,0,0
29,19,303,0,0,0
26,21,269,0,0,0
25,19,302,0,0,0
24,12,294,0,0,0
38,11,262,0,0,0
20,19,257,0,0,0
35,21,270,0,0,0
30,18,247,0,0,0
22,22,258,0,0,0
30,11,258,0,0,0
28,13,276,0,0,0
18,18,276,0,0,0
25,21,274,0,0,0
26,16,278,0,0,0
27,17,311,0,0,0
24,26,276,0,0,0
32,16,264,0,0,0
25,17,270,0,0,0
28,14,249,0,0,0
25,15,267,0,0,0
25,14,269,0,0,0
29,14,284,0,0,0
26,9,299,0,0,0
27,25,306,0,0,0
26,15,274,0,0,0
22,13,251,0,0,0
35,13,275,0,0,0
19,13,263,0,0,0
22,13,260,0,0,0
28,13,247,0,0,0
33,22,319,0,0,0
37,21,294,0,0,0
29,13,306,0,0,0
38,12,236,0,0,0
24,20,250,0,0,0
23,10,263,0,0,0
29,14,280,0,0,0
37,20,290,0,0,0
31,15,261,0,0,0
24,12,245,0,0,0
24,9,264,0,0,0
32,14,296,0,0,0
25,20,263,0,0,0
27,14,285,0,0,0
20,19,243,0,0,0
20,21,267,0,0,0
20,14,254,0,0,0
36,13,290,0,0,0
28,15,285,0,0,0
24,17,233,0,0,0
29,13,280,0,0,0
24,15,235,0,0,0
18,12,255,0,0,0
37,42,404,0,0,0
33,18,264,0,0,0
20,17,244,0,0,0
29,12,239,0,0,0
29,15,297,0,0,0
20,12,254,0,0,0
26,23,279,0,0,0
31,18,250,0,0,0
23,18,233,0,0,0
40,23,272,0,0,0
29,11,245,0,0,0
27,22,275,0,0,0
29,14,248,0,0,0
37,16,297,0,0,0
23,21,254,0,0,0
26,11,230,0,0,0
30,15,264,0,0,0
38,22,302,0,0,0
28,20,239,0,0,0
26,21,281,0,0,0
27,13,275,0,0,0
32,16,251,0,0,0
30,13,274,0,0,0
31,20,259,0,0,0
29,18,291,0,0,0
56,25,522,0,0,0
36,15,252,0,0,0
13,21,273,0,0,0
22,11,253,0,0,0
26,12,307,0,0,0
30,22,303,0,0,0
34,20,280,0,0,0
28,17,281,0,0,0
30,14,265,0,0,0
17,20,259,0,0,0
30,15,271,0,0,0
29,11,275,0,0,0
53,13,299,0,0,0
35,16,294,0,0,0
36,16,290,0,0,0
35,12,301,0,0,0
26,13,238,0,0,0
32,12,286,0,0,0
29,17,252,0,0,0
34,12,260,0,0,0
40,16,284,0,0,0
28,25,272,0,0,0
26,17,278,0,0,0
27,7,296,0,0,0
37,20,300,0,0,0
32,23,284,0,0,0
61,42,435,0,0,0
32,17,300,0,0,0
19,13,275,0,0,0
24,10,259,0,0,0
37,12,290,0,0,0
22,12,252,0,0,0
14,10,237,0,0,0
34,13,237,0,0,0
22,15,216,0,0,0
34,14,251,0,0,0
21,14,251,0,0,0
22,11,241,0,0,0
29,7,221,0,0,0
35,12,242,0,0,0
30,11,272,0,0,0
33,9,237,0,0,0
22,7,263,0,0,0
31,12,201,0,0,0
26,17,215,0,0,0
31,8,233,0,0,0
28,19,224,0,0,0
32,15,256,0,0,0
28,8,240,0,0,0
20,11,207,0,0,0
30,12,224,0,0,0
14,5,190,0,0,0
28,7,205,0,0,0
19,14,265,0,0,0
29,9,197,0,0,0
24,16,268,0,0,0
22,11,244,0,0,0
24,14,204,0,0,0
31,11,242,0,0,0
26,18,219,0,0,0
26,11,218,0,0,0
37,16,227,0,0,0
26,8,232,0,0,0
24,16,214,0,0,0
19,12,228,0,0,0
25,8,203,0,0,0
35,13,221,0,0,0
18,7,201,0,0,0
25,8,210,0,0,0
17,6,204,0,0,0
27,14,202,0,0,0
34,11,228,0,0,0
23,12,210,0,0,0
19,16,216,0,0,0
25,8,222,0,0,0
28,9,224,0,0,0
23,12,214,0,0,0
27,8,219,0,0,0
30,11,228,0,0,0
20,14,201,0,0,0
21,15,236,0,0,0
32,11,253,0,0,0
21,12,211,0,0,0
27,13,204,0,0,0
21,7,210,0,0,0
26,11,203,0,0,0
2,0,37,0,0,0
1,0,34,0,0,0
4,1,23,0,0,0
3,0,35,0,0,0
3,1,22,0,0,0
3,2,44,0,0,0
4,1,32,0,0,0
3,1,33,0,0,0
2,1,30,0,0,0
3,2,29,0,0,0
4,0,37,0,0,0
3,2,42,0,0,0
3,2,24,0,0,0
2,2,26,0,0,0
3,1,22,0,0,0
2,0,36,0,0,0
2,0,40,0,0,0
3,3,46,0,0,0
0,0,32,0,0,0
1,1,33,0,0,0
3,1,27,0,0,0
1,1,32,0,0,0
2,0,21,0,0,0
4,2,43,0,0,0
2,1,24,0,0,0
3,1,42,0,0,0
2,0,39,0,0,0
4,4,36,0,0,0
3,0,37,0,0,0
3,1,39,0,0,0
4,3,31,0,0,0
2,2,38,0,0,0
2,0,31,0,0,0
5,0,31,0,0,0
3,3,32,0,0,0
3,1,42,0,0,0
4,0,17,0,0,0
4,0,41,0,0,0
2,2,24,0,0,0
3,1,44,0,0,0
1,2,21,0,0,0
3,2,48,0,0,0
3,0,48,0,0,0
2,0,38,0,0,0
5,1,36,0,0,0
3,0,32,0,0,0
1,0,11,0,0,0
1,1,32,0,0,0
3,3,54,0,0,0
3,1,22,0,0,0
2,0,31,0,0,0
5,0,41,0,0,0
3,0,29,0,0,0
4,0,40,0,0,0
2,0,31,0,0,0
4,0,36,0,0,0
2,2,29,0,0,0
1,1,32,0,0,0
3,1,34,0,0,0
4,1,45,0,0,0
3,0,21,0,0,0
2,1,36,0,0,0
1,4,25,0,0,0
3,0,39,0,0,0
1,1,24,0,0,0
1,2,22,0,0,0
3,0,42,0,0,0
2,0,28,0,0,0
4,0,33,0,0,0
2,1,38,0,0,0
2,3,36,0,0,0
0,1,21,0,0,0
2,0,29,0,0,0
2,0,33,0,0,0
2,1,36,0,0,0
2,6,45,0,0,0
3,3,33,0,0,0
3,1,38,0,0,0
4,1,24,0,0,0
3,0,30,0,0,0
1,1,25,0,0,0
1,1,20,0,0,0
3,1,23,0,0,0
0,1,24,0,0,0
4,1,24,0,0,0
3,0,34,0,0,0
1,1,23,0,0,0
1,2,26,0,0,0
4,0,25,0,0,0
2,3,24,0,0,0
6,2,26,0,0,0
3,1,34,0,0,0
3,1,22,0,0,0
2,0,25,0,0,0
0,1,34,0,0,0
3,0,24,0,0,0
4,0,28,0,0,0
1,1,21,0,0,0
2,1,22,0,0,0
1,0,25,0,0,0
3,0,24,0,0,0
2,1,26,0,0,0
3,1,28,0,0,0
2,1,18,0,0,0
3,0,31,0,0,0
1,1,9,0,0,0
4,0,28,0,0,0
2,1,17,0,0,0
4,1,27,0,0,0
3,0,19,0,0,0
3,1,20,0,0,0
1,1,19,0,0,0
6,0,19,0,0,0
1,0,16,0,0,0
0,0,17,0,0,0
2,1,21,0,0,0
0,0,20,0,0,0
2,1,8,0,0,0
3,0,15,0,0,0
1,0,17,0,0,0
3,0,16,0,0,0
1,2,19,0,0,0
2,2,15,0,0,0
1,1,17,0,0,0
1,2,20,0,0,0
2,0,15,0,0,0
2,1,20,0,0,0
2,1,14,0,0,0
1,0,18,0,0,0
1,2,15,0,0,0
2,2,15,0,0,0
2,1,18,0,0,0
3,1,22,0,0,0
2,0,18,0,0,0
2,0,22,0,0,0
2,0,24,0,0,0
1,1,12,0,0,0
1,1,21,0,0,0
2,1,19,0,0,0
1,0,17,0,0,0
0,1,17,0,0,0
2,0,15,0,0,0
2,0,16,0,0,0
0,0,17,0,0,0
20370,5470,2385,145,52,1
3131,506,381,9,40,1
4024,264,87,323,16,1
40586,640,622,1118,32,1
2016,62,64,13,0,1
3603,138,179,53,1,1
1183,128,168,2,5,1
6194,1062,1770,597,5,1
10962,23368,958,590,715,1
10947,760,712,693,27,1
2754,477,218,224,13,1
26713,1390,1177,914,68,1
4111,314,338,47,8,1
1441,97,203,25,2,1
1698,289,1930,45,3,1
402,93,78,36,4,1
16935,2242,918,44,124,1
9437,689,891,199,37,1
3742,505,571,100,3,1
770,81,181,89,2,1
1430,128,371,204,1,1
6996,899,305,346,28,1
3284,375,1039,1,8,1
160,46,146,22,0,1
292,57,110,5,0,1
5876,616,647,1061,29,1
7534,1132,1096,6,52,1
1294,254,276,89,8,1
6340,298,419,5,15,1
5472,6352,3873,65,11,1
22540,2065,1125,0,64,1
732,85,338,16,3,1
38781,623,323,1209,22,1
10451,1265,323,38,24,1
2784,256,873,284,2,1
823,43,109,5,1,1
442,79,259,0,3,1
350,86,131,116,3,1
3694,393,1047,6,8,1
9686,208,196,219,4,1
16427,555,755,8,18,1
1006,85,121,19,1,1
1122,300,951,8,6,1
1386,88,267,106,0,1
18267,1964,2003,22732,4,1
15365,3813,1505,550,63,1
2242,552,1446,13,8,1
4149,279,64,20,22,1
8384,2526,299,1178,41,1
612,100,259,24,2,1
660,126,407,0,0,1
5287,849,1846,117,3,1
2275,165,285,181,4,1
3551,87,174,7,2,1
282,12,36,6,0,1
493,47,80,24,0,1
1012,283,268,15,3,1
1706,134,257,0,2,1
103,45,66,0,0,1
189,35,178,6,0,1
3720,179,154,6,2,1
1566,110,295,71,1,1
1672,627,1089,11,4,1
969,69,210,233,1,1
7307,378,239,2620,30,1
4240,1012,1449,578,25,1
74,16,42,88,0,1
6866,463,330,2180,5,1
31546,151,301,294,2,1
966,69,318,3,0,1
28808,2638,1743,1021,39,1
386,88,205,25,1,1
3763,1169,1642,32,7,1
522,319,793,10,11,1
30547,445,489,304,16,1
6175,362,318,181,11,1
348,262,1513,28,1,1
484,232,431,10,0,1
2190,46,122,15,0,1
116,22,49,16,0,1
482,26,73,5,0,1
344,49,20,37,0,1
1805,258,191,4,14,1
748,85,460,80,1,1
34917,1161,194,2,28,1
3397,173,390,3,2,1
5561,587,295,4,9,1
3526,257,473,8,1,1
371,413,70,9,6,1
1361,149,463,289,2,1
887,280,502,13,1,1
3276,125,549,224,2,1
971,48,112,8,1,1
8173,231,433,413,3,1
728,120,406,16,1,1
350,46,115,240,1,1
9626,508,1153,3819,0,1
4736,414,1196,166,2,1
732,191,656,1,1,1
516,46,96,28,0,1
8635,1707,1376,3266,67,1
2935,184,302,1,5,1
1030,369,202,1,13,1
2035,209,168,216,2,1
3152,162,352,23,7,1
6131,488,366,1058,10,1
3902,290,347,918,12,1
4357,231,152,90,0,1
18810,685,688,12,29,1
3302,370,934,103,7,1
160,23,227,1,0,1
6002,272,336,0,15,1
1781,105,427,234,0,1
1184,75,138,0,0,1
13159,501,697,79,11,1
280,50,1273,8,1,1
5237,245,241,115,4,1
611,87,173,1,1,1
835,111,768,36,0,1
1187,44,136,19,1,1
2185,74,345,32,1,1
148,249,548,1,1,1
1073,89,237,53,1,1
127,23,152,1,0,1
1601,147,405,9,3,1
704,129,380,12,0,1
57,76,650,0,0,1
552,80,290,11,1,1
4862,116,160,98,2,1
1652,412,1974,4,3,1
1786,63,185,342,2,1
238,45,99,39,0,1
764,99,226,22,0,1
5745,641,1221,95,5,1
2703,170,635,4,0,1
2683,57,215,82,0,1
2064,238,590,26,5,1
709,116,112,124,2,1
2893,160,227,71,4,1
1425,83,70,616,1,1
246,333,1598,10,0,1
519,139,454,17,3,1
1876,120,146,112,0,1
13774,254,192,520,5,1
16195,5027,5530,6698,73,1
3885,2812,1988,966,45,1
9147,100,162,369,4,1
80,54,187,46,1,1
684,65,281,1,0,1
351,28,76,3,1,1
6351,98,75,127,4,1
9372,179,723,87,0,1
537,117,552,4,1,1
446,84,418,4,1,1
5999,258,770,14,2,1
11156,148,104,18,5,1
139,53,53,0,1,1
567,77,171,6,0,1
77,14,18,1,1,1
235,78,152,55,0,1
25575,1672,802,2329,52,1
120,62,183,27,0,1
1130,88,111,97,4,1
79876,473,299,203,16,1
613,46,105,46,0,1
4288,126,199,5,1,1
3896,369,250,20,10,1
44,4,12,1,1,1
2277,150,536,33,5,1
326,444,620,1524,1,1
3730,220,282,34,6,1
2060,100,164,19,0,1
787,63,161,43,1,1
640,77,227,13,1,1
2475,207,356,38,1,1
1334,94,338,97,0,1
1349,161,546,1609,5,1
1533,96,168,46,0,1
413,42,275,42,0,1
2185,64,262,173,0,1
8713,563,774,6688,11,1
650,95,139,2,0,1
2617,128,324,63,3,1
268,120,429,76,0,1
1110,179,2000,0,1,1
4707,1772,1771,23,8,1
1447,252,667,2,2,1
3020,516,443,225,3,1
302,56,156,12,4,1
1809,102,392,18,1,1
271,21,63,8,1,1
8890,189,283,176,2,1
13300,238,158,1905,5,1
6212,369,198,103,5,1
1570,243,761,388,9,1
1111,84,601,0,3,1
4812,575,860,30,18,1
34098,13890,12773,85,486,1
6273,588,868,16,9,1
183,17,78,3,1,1
8387,214,314,3049,11,1
1373,281,405,127,3,1
33,20,95,0,0,1
2636,54,100,0,0,1
3199,111,216,289,7,1
16037,635,320,86,16,1
5756,554,1853,32,10,1
4712,469,1988,98,5,1
1497,153,308,121,3,1
1959,289,364,56,1,1
7838,213,506,180,9,1
1476,125,187,0,0,1
5367,409,1159,27,25,1
1407,263,414,72,4,1
873,122,427,33,2,1
2396,46,68,154,0,1
1913,151,1172,171,0,1
96,23,60,1,0,1
540,116,220,45,1,1
21069,2221,1636,944,26,1
6256,517,34,264,3,1
4043,126,126,98,1,1
6213,245,153,0,11,1
4418,111,282,146,1,1
478,34,77,2,0,1
6631,292,611,66,3,1
93,18,186,28,0,1
802,44,63,29,0,1
315,44,138,9,0,1
831,75,217,519,0,1
277,35,139,0,1,1
4082,244,294,257,0,1
334,21,368,3,0,1
299,29,28,3,0,1
319,40,53,1,0,1
549,123,213,2,0,1
618,22,125,207,0,1
421,48,96,1,0,1
1205,233,40,29,1,1
1667,408372,194,4,744,1
9057,504,401,3891,9,1
294,30,96,4,0,1
294,42,81,13,0,1
508,479,261,0,17,1
4476,612,257,267,35,1
1132,131,193,4,1,1
364,74,182,4,1,1
1181,55,271,6,0,1
360,95,213,1,0,1
28,19,253,12,0,1
159,27,255,2,0,1
649,68,178,60,1,1
2264,169,1021,30,2,1
67,15,76,0,0,1
3833,111,216,0,1,1
76,30,96,8,0,1
495,34,68,5,0,1
2349,76,377,8,0,1
10619,11089,565,776,245,1
820,227,521,20,5,1
758,102,254,2,2,1
1065,144,543,156,0,1
380,65,186,1,0,1
9971,1271,619,10146,15,1
117,53,56,1,2,1
14467,1612,1581,431,10,1
1869,95,135,42,0,1
504,133,270,1,3,1
360,190,620,12,0,1
2620,357,826,17,1,1
3461,239,348,458,4,1
9966,115,454,60,10,1
2765,2698,261,56,159,1
24057,1076,840,69,36,1
30909,2818,3032,1981,87,1
2685,68,258,585,1,1
161,72,14,3,2,1
2656,95,174,224,3,1
16955,3286,2743,2,87,1
4067,777,1995,347,22,1
4190,140,190,46,0,1
14246,932,781,4047,30,1
594,44,91,0,0,1
360,81,182,78,0,1
707,27,59,1,1,1
444,125,452,16,4,1
15131,2107,1898,1170,28,1
5936,200,461,81,4,1
540,57,104,14,0,1
889,201,500,7,5,1
3980,625,268,267,8,1
5558,872,625,3146,7,1
1656,126,650,20,0,1
3139,237,487,32,7,1
5660,554,937,6,23,1
476,347,431,4,8,1
63,10,41,10,0,1
621,25,135,2,0,1
160,53,487,1,1,1
9410,577,776,448,7,1
777,87,305,0,2,1
10378,286,538,321,3,1
622,49,218,7,1,1
1550,235,533,5,3,1
6634,326,423,136,1,1
112,154,257,0,1,1
1671,86,80,50,2,1
887,547,1416,179,2,1
36944,582,437,702,10,1
200,43,203,2,2,1
104,63,295,0,1,1
101,22,29,3,0,1
1358,119,626,136,0,1
288,11,68,9,0,1
883,1047,1516,7,10,1
8662,172,115,31,1,1
1352,1403,1442,287,6,1
639,136,471,12,1,1
441,36,166,0,0,1
5369,300,102,28,3,1
30010,478,261,659,13,1
3366,78,215,6,0,1
1529,315,706,1409,1,1
2212,117,287,2,2,1
252,53,411,6,0,1
272,106,232,106,0,1
3088,221,561,723,0,1
629,61,179,236,1,1
3134,162,369,422,5,1
4145,3137,142,24,58,1
236,71,109,225,0,1
520,101,286,98,1,1
9824,195,117,102,8,1
493,300,310,3,6,1
6475,438,938,983,3,1
137,13,48,4,0,1
1257,160,243,259,1,1
5671,210,235,161,3,1
1149,45,85,19,0,1
4323,80,40,99,2,1
1063,88,228,35,1,1
106,74,334,0,0,1
1368,252,627,98,1,1
770,42,149,28,0,1
5755,201,165,3,0,1
3907,315,460,31,5,1
1465,61,158,38,2,1
3653,84,118,23,0,1
3569,127,290,4,3,1
8707,1053,448,400,30,1
1254,54,219,2,0,1
257,43,64,15,0,1
3204,120,253,4,0,1
1875,97,198,525,0,1
1287,22,105,4,0,1
6793,210,175,23,2,1
431,29,195,12,0,1
32223,4053,956,3025,54,1
107,89,81,4,0,1
8679,274,251,257,37,1
5707,281,259,2535,1,1
485,423,400,0,1,1
834,102,252,15,0,1
666,33,135,1,0,1
6812,163,445,253,2,1
1462,68,96,6,0,1
746,61,203,9,0,1
28833,329,588,61,11,1
1583,46,98,3756,2,1
572,133,209,37,0,1
2917,395,700,12,8,1
12381,297,215,259,3,1
5299,1218,554,13,18,1
2511,66,58,0,0,1
9,19,139,3,0,1
154,45,94,6,0,1
861,32,93,2,1,1
716,149,428,109,0,1
4428,1228,970,934,4,1
9115,464,410,3531,9,1
259,97,126,53,0,1
18470,1341,2002,4279,7,1
2493,275,549,8,0,1
1549,92,469,399,0,1
47918,3074,1686,434,42,1
280,117,184,4,1,1
12834,678,337,1903,12,1
1172,206,341,77,1,1
32448,1330,1609,834,23,1
144,58,194,67,0,1
4392,418,1020,6,1,1
3450,127,123,11,3,1
691,61,153,34,0,1
6554,411,560,637,10,1
1824,156,91,57,4,1
3110,128,178,63,2,1
922,174,383,67,0,1
15703,337,321,123,4,1
185,128,487,121,2,1
117,20,92,2,0,1
2630,44,133,16,1,1
3800,110,270,251,1,1
1535,56,158,96,1,1
363,35,236,11,0,1
3597,111,209,1,1,1
471,87,361,3,1,1
450,46,205,6,1,1
1359,1084,410,11,19,1
178,70,176,20,1,1
604,80,206,0,0,1
5811,1578,332,11,35,1
733,104,268,1,1,1
108,104,81,31,1,1
274,20,80,4,0,1
11114,737,1968,437,2,1
568,158,209,19,2,1
165,45,179,0,0,1
4837,222,338,5,0,1
5217,254,170,67,3,1
30,9,37,0,0,1
2894,80,145,10,1,1
4140,205,770,10,1,1
324,82,128,8,0,1
5315,219,383,186,3,1
593,193,879,16,0,1
18860,1377,693,646,50,1
1806,193,117,393,1,1
1096,45,289,84,0,1
759,286,1625,2,1,1
5311,1249,886,296,37,1
903,126,273,6,1,1
360,14,38,4,0,1
7227,786,834,2356,9,1
19620,1084,899,38,26,1
595,102,219,19,2,1
1215,105,547,14,0,1
634,430,546,5,3,1
2941,1230,1428,40,54,1
3784,336,787,173,3,1
185,12,66,4,0,1
288,42,148,21,3,1
440,58,256,1,1,1
1799,97,348,36,1,1
1200,4878,5335,2899,13,1
1336,152,193,355,0,1
648,95,89,59,3,1
225,77,178,219,1,1
276,87,171,40,1,1
892,37,660,1,0,1
4775,209,1163,8,2,1
446,111,528,15,0,1
1580,834,993,53,2,1
2541,143,276,231,3,1
205,41,175,3,0,1
982,75,290,89,0,1
630,86,185,1,2,1
512,99,163,25,0,1
6566,313,646,135,8,1
16432,1119,1529,2215,13,1
16490,260,350,1492,2,1
26,11,93,2,0,1
9317,161,195,2,3,1
891,68,267,5,1,1
1325,107,98,263,0,1
2186,193,320,24,1,1
1924,62,157,426,1,1
189,27,54,17,0,1
3316,378,662,3,4,1
10677,2436,1978,1204,10,1
1080,79,360,10,0,1
1828,129,340,15,0,1
798,29,105,3,0,1
642,68,122,190,0,1
2818,101,229,557,0,1
1260,105,230,25,1,1
4279,132,892,6,2,1
49,166,417,6,3,1
362,72,112,1,0,1
3427,396,962,13,5,1
52,24,137,0,0,1
24423,1057,1433,1834,16,1
1670,257,1462,145,2,1
1206,80,346,14,0,1
2161,150,137,266,1,1
518,148,488,17,0,1
1379,66,662,236,0,1
3332,269,253,281,1,1
4235,111,163,47,2,1
1075,75,160,163,0,1
438,35,316,2,0,1
103,14,50,0,0,1
2053,597,1994,19,4,1
639,48,123,1,1,1
3863,102,90,457,1,1
1573,54,109,37,1,1
506,20,22,6,0,1
1823,118,275,42,5,1
1598,39,74,16,2,1
768,68,143,60,0,1
1350,64,427,767,0,1
2386,338,400,810,6,1
741,311,904,62,3,1
217,47,73,216,0,1
1550,256,490,176,0,1
438,23,106,3,0,1
2074,94,361,216,0,1
1188,65,235,1,1,1
2698,136,222,159,0,1
1347,70,255,6,0,1
1148,141,599,20,2,1
3511,156,516,87,1,1
3693,172,370,105,0,1
9950,658,701,18,11,1
15238,516,801,30,3,1
195,19,53,58,0,1
3053,155,285,390,0,1
1086,141,249,1015,3,1
977,70,202,138,1,1
2846,289,201,61,9,1
948,66,236,0,1,1
3134,191,778,80,2,1
2171,189,313,148,0,1
1583,230,273,417,1,1
69,40,56,0,0,1
2177,88,281,437,1,1
1848,778,1999,0,3,1
2230,93,159,401,3,1
165,30,314,1,0,1
17681,937,1491,105,18,1
5845,611,745,547,9,1
3144,93,239,461,1,1
5544,260,522,124,1,1
556,237,358,38,3,1
660,757,263,34,22,1
331,95,396,8,0,1
4633,158,413,59,4,1
13511,1103,1999,1069,14,1
4,33,523,0,0,1
1420,49,97,36,0,1
1277,190,275,11,2,1
2692,591,899,43,5,1
2882,63,428,8,2,1
2500,90,137,504,1,1
847,49,79,2,0,1
19978,866,1524,580,18,1
668,38,71,204,0,1
2388,122,342,83,1,1
146,47,315,1,0,1
4542,184,204,1686,2,1
22679,560,661,381,7,1
6151,104,190,28,2,1
576,78,209,0,2,1
129,8,78,1,0,1
8784,353,582,37,3,1
2291,93,287,290,0,1
145,17,72,1,0,1
1029,207,414,0,3,1
16722,751,1953,1740,10,1
1406,319,1027,22,1,1
18528,852,1409,88,9,1
1166,82,92,511,0,1
3266,384,1172,39,6,1
507,34,88,35,0,1
1019,143,213,160,0,1
1401,203,441,275,2,1
203,97,255,66,3,1
3866,533,51,0,15,1
669,284,362,69,2,1
1128,396,1158,8,1,1
986,43,101,13,1,1
638,139,176,1,2,1
124,26,55,4,0,1
108,13,28,2,0,1
6532,181,237,70,1,1
899,77,344,0,0,1
1878,262,685,54,13,1
8639,348,491,412,5,1
842,77,200,3,0,1
1911,112,137,86,0,1
20,21,79,0,1,1
6652,383,1828,235,1,1
1587,57,276,84,2,1
24,71,259,5,18,1
1766,95,255,4,4,1
77,30,46,20,1,1
3119,426,653,344,1,1
2642,207,868,39,4,1
1780,62,346,274,1,1
293,42,139,0,0,1
853,62,388,38,0,1
1843,262,323,98,4,1
2222,159,227,69,0,1
1171,1158,550,12,18,1
178,40,248,24,0,1
2069,131,356,336,2,1
373,83,211,0,2,1
2368,78,272,40,1,1
825,76,396,130,0,1
173,12,41,2,0,1
530,138,429,53,0,1
608,76,213,1,0,1
266,39,180,7,0,1
58,29,114,52,0,1
1133,106,242,99,0,1
154,17,96,1,0,1
1225,60,289,66,0,1
998,328,1435,58,0,1
1280,88,613,19,0,1
2391,332,351,27,0,1
301,49,84,95,0,1
3098,59,165,587,0,1
1167,177,323,12,1,1
250,54,153,7,0,1
1681,148,232,6,0,1
3717,225,290,21,3,1
199,31,121,1,0,1
402,30,58,95,0,1
2453,333,678,1510,2,1
6595,51,317,0,1,1
219,263,1627,4,6,1
991,55,100,9,0,1
2549,138,181,519,0,1
344,24,99,14,0,1
657,55,90,1,1,1
2464,124,186,645,2,1
812,113,578,8,0,1
1142,176,494,3,1,1
399,21,80,1,0,1
144,121,23,0,0,1
2437,1594,1994,363,10,1
6991,1001,614,2401,6,1
1045,66,125,29,0,1
862,237,237,41,4,1
1181,80,279,0,1,1
106,27,192,7,0,1
17158,895,1012,157,11,1
2517,54,125,1,0,1
11092,591,723,1318,4,1
92,24,118,4,0,1
635,28,77,46,0,1
2417,111,21,0,0,1
1121,120,155,6,0,1
47,25,112,8,0,1
1421,30,84,121,0,1
8021,1082,1225,142,0,1
18427,797,925,2431,10,1
253,47,122,2,0,1
2032,184,632,14,0,1
231,102,203,1,1,1
2177,178,648,186,0,1
2487,196,329,588,1,1
248,85,401,5,0,1
262,71,110,5,0,1
992,199,297,81,1,1
460,99,341,15,0,1
1049,67,162,18,2,1
2130,124,643,43,0,1
3701,501,528,1348,2,1
3061,86,95,6,0,1
41,42,79,1,0,1
1396,175,327,68,4,1
1784,70,209,303,1,1
2317,378,380,100,0,1
764,120,269,94,2,1
72,21,45,0,0,1
155,26,51,0,0,1
4001,639,355,894,1,1
410,30,407,0,0,1
1448,344,548,2,6,1
807,99,366,147,2,1
411,31,139,29,1,1
528,822,170,5,17,1
184,41,140,21,0,1
1066,239,775,61,0,1
975,35,104,0,1,1
585,92,110,4,0,1
587,115,243,48,1,1
1034,222,389,37,1,1
142,3,56,1,0,1
5804,562,626,29,1,1
960,172,535,108,2,1
18,26,99,0,0,1
1747,174,307,13,1,1
107,56,161,2,0,1
1579,256,457,2046,1,1
2775,211,388,178,7,1
5351,448,1108,261,3,1
19775,1781,1275,3785,10,1
2697,282,525,16,6,1
1049,50,304,8,0,1
882,44,168,30,0,1
939,130,335,81,0,1
211,76,171,2,0,1
222,125,300,20,0,1
1066,188,227,0,2,1
295,96,233,6,0,1
444,108,497,4,0,1
600,77,436,47,0,1
1613,836,1996,10,22,1
1962,1419,337,5,9,1
358,161,700,9,2,1
5206,172,337,10,2,1
745,96,308,13,2,1
2226,308,816,18,1,1
8685,670,967,464,6,1
868,164,351,36,1,1
752,43,190,19,0,1
549,63,157,43,1,1
4212,130,75,153,0,1
7,4,29,0,0,1
3806,198,126,528,6,1
1292,38,101,498,0,1
140,13,31,1,0,1
497,56,242,44,0,1
88,20,94,1,0,1
7,6,54,1,0,1
926,57,266,139,1,1
1781,55,256,911,0,1
133,25,131,1,0,1
1112,130,140,11,1,1
1945,75,384,14,0,1
120,119,147,1,0,1
3029,200,229,1787,1,1
956,23,212,7,0,1
205,61,143,11,0,1
4333,320,384,1031,6,1
629,105,357,5,0,1
3551,45,29,27,2,1
4557,423,757,43,2,1
651,129,278,56,0,1
1183,7,87,21,0,1
648,53,236,11,0,1
708,93,308,11,0,1
263,79,286,11,1,1
680,73,222,128,0,1
250,17,242,0,0,1
4245,264,731,419,0,1
16601,211,172,806,0,1
66,2,35,0,0,1
3044,213,623,380,3,1
1552,144,302,1227,0,1
506,106,168,6,0,1
245,20,194,2,0,1
246,14,141,0,0,1
119,20,88,0,0,1
21,67,232,0,0,1
128,126,139,8366,0,1
1313,298,302,111,1,1
335,33,134,50,0,1
996,67,81,45,1,1
744,118,204,9,5,1
23682,419,722,17995,4,1
1575,148,284,389,2,1
122,62,93,1,1,1
134,32,126,32,2,1
210,73,93,0,0,1
4388,96,114,53,2,1
1451,183,495,8,0,1
1012,92,220,12,1,1
3177,138,158,51,0,1
143,75,86,50,1,1
10272,333,349,13,5,1
3506,389,909,79,3,1
1087,184,475,19,0,1
6357,215,681,1356,3,1
6464,2352,469,251,80,1
2200,80,259,2,0,1
479,62,127,19,0,1
4385,751,1474,784,4,1
1378,187,172,16,3,1
319,66,241,0,0,1
754,19,82,26,0,1
259,145,159,1,0,1
740,64,318,6,4,1
360,46,86,2,0,1
359,83,111,0,0,1
3062,583,997,163,1,1
751,45,89,2,0,1
9802,349,337,896,2,1
176,27,148,5,0,1
612,131,85,1,0,1
5165,425,1320,437,2,1
276,129,325,55,0,1
1127,129,509,7,0,1
220,26,58,9,0,1
1027,94,195,34,0,1
2994,44,169,78,1,1
2691,192,195,1208,1,1
1748,110,240,253,1,1
2460,358,1504,10,3,1
16961,358,265,2626,1,1
2119,310,351,276,3,1
4504,161,403,163,1,1
359,28,150,1,0,1
590,57,197,2,1,1
14170,1402,1042,2863,33,1
312,76,275,4,1,1
922,87,302,26,1,1
9665,730,1059,122,9,1
19361,474,389,14497,13,1
8694,349,507,15,1,1
393,53,356,31,0,1
1425,145,213,3622,0,1
1178,173,114,2,16,1
1010,182,300,205,0,1
347,49,287,10,0,1
17,22,59,2,0,1
163,59,128,8,0,1
430,64,133,191,1,1
229,22,107,1,0,1
1069,137,150,48,2,1
1048,27,94,17,0,1
128,65,141,0,1,1
219,45,133,0,0,1
55,50,192,1,0,1
1013,49,185,15,0,1
67,11,58,8,0,1
121,43,164,9,0,1
13716,1302,995,1527,5,1
1697,104,300,21,1,1
1117,45,141,9,0,1
199,32,29,2,1,1
15324,301,2001,15749,1,1
3839,459,486,252,0,1
859,39,218,1,0,1
467,95,299,326,1,1
1138,33,99,27,0,1
35,12,67,2,0,1
2571,228,513,126,2,1
7739,321,305,61,2,1
6662,141,222,134,1,1
1503,31,28,7,0,1
4840,290,343,58,2,1
39107,2925,2744,9395,20,1
9425,30425,162,157,135,1
409,24,65,167,0,1
7760,768,336,1304,18,1
110,56,245,0,0,1
2854,362,342,307,4,1
5703,325,474,119,1,1
54,35,120,7,0,1
239,732,1970,0,7,1
559,108,571,263,0,1
1236,437,1328,3049,0,1
87,19,46,66,0,1
2085,341,454,289,0,1
6124,656,241,939,1,1
141,78,170,17,1,1
1479,13,25,47,0,1
921,139,190,99,0,1
63,27,270,3,0,1
2036,123,189,2332,1,1
1621,254,562,291,7,1
1549,354,214,1,3,1
254,33,173,53,0,1
19025,346,356,20,10,1
449,41,163,3,1,1
22,78,103,9,1,1
7999,178,404,25,0,1
59,6,76,8,0,1
1157,168,175,14,1,1
1455,33,85,2,0,1
606,46,201,37,0,1
561,39,74,2,1,1
4725,287,803,197,3,1
235,43,182,13,0,1
145,37,206,50,0,1
1013,38,151,34,0,1
78,8,72,2,0,1
2277,85,152,7,1,1
511,193,362,12,2,1
918,85,218,149,0,1
819,83,189,40,1,1
797,526,1449,277,4,1
1792,209,284,62,3,1
763,162,266,20,4,1
241,35,130,5,0,1
197,45,89,18,16,1
1229,137,137,35,2,1
674,79,222,27,0,1
24,2,50,0,0,1
2269,699,454,50,1,1
1162,962,1999,95,12,1
210,27,64,0,0,1
237,50,108,234,0,1
1064,223,320,113,1,1
259,65,180,151,0,1
230,5,93,0,0,1
500,187,186,17,1,1
1263,53,128,89,0,1
574,40,147,66,1,1
748,252,1532,8,0,1
1190,88,198,43,0,1
478,23,101,566,0,1
3553,155,376,300,0,1
475,17,17,116,0,1
9,6,33,0,0,1
120,20,126,16,0,1
534,117,153,25,2,1
297,57,150,0,0,1
57,13,93,0,0,1
2716,284,278,1549,6,1
371,48,153,0,1,1
1771,29,228,4,0,1
142,9,40,2,0,1
1940,136,182,124,2,1
1095,50,115,39,0,1
191,109,932,246,0,1
342,51,205,2,0,1
1730,381,821,218,0,1
3027,190,795,176,2,1
1073,87,117,292,1,1
576,209,480,235,0,1
2488,98,148,145,2,1
380,19,30,0,0,1
385,39,286,0,0,1
145,21,85,1,0,1
3797,570,576,306,3,1
26,50,152,5,0,1
1058,94,257,18,2,1
206,42,105,35,0,1
622,106,203,63,4,1
460,41,183,16,0,1
5250,397,666,2843,0,1
456,28,127,1,2,1
241,21,137,8,0,1
1189,88,87,48,1,1
565,35,139,2,0,1
3177,94,242,7,1,1
164,24,137,3,0,1
112,12,38,111,0,1
33,28,168,64,0,1
2073,180,168,465,1,1
558,111,118,8,0,1
8966,504,570,484,4,1
521,170,455,2,0,1
123,13,129,1,0,1
638,215,318,0,0,1
216,46,47,1,0,1
493,34,99,65,1,1
395,33,97,2,0,1
1424,128,472,285,0,1
1178,41,94,17,1,1
5687,390,558,1046,7,1
85,12,28,0,0,1
285,55,221,10,0,1
221,52,353,8,0,1
127,79,381,18,0,1
45,23,65,2,0,1
752,39,113,0,0,1
1308,93,157,706,0,1
27,152,128,0,0,1
1874,69,57,306,1,1
486,57,170,17,2,1
1065,18,34,198,0,1
204,13,41,0,0,1
136,42,210,127,0,1
10749,262,259,198,1,1
440,114,69,1334,0,1
148,71,165,1,0,1
437,75,117,47,4,1
331,1306,1281,46,4,1
827,161,309,452,0,1
1201,103,182,5,0,1
88,16,121,0,0,1
6378,1531,1991,0,22,1
10320,1031,1109,1611,4,1
114,144,178,0,1,1
273,99,239,11,0,1
611,172,362,140,4,1
150,10,74,1,0,1
2370,114,226,388,1,1
2659,1470,162,69,6,1
6765,147,283,1005,0,1
293,0,109,134,0,1
2959,94,189,4,3,1
24901,330,725,13006,2,1
20023,1812,1846,3807,2,1
1683,323,261,1,3,1
810,50,209,95,0,1
1028,44,81,19,3,1
19,7,31,42,0,1
433,52,233,36,0,1
1539,205,397,36,1,1
2338,259,824,383,0,1
939,114,162,980,1,1
3608,121,203,40,0,1
463,56,217,4,0,1
4447,160,167,3411,1,1
279,96,1027,4,0,1
145,10,23,2,1,1
59,13,59,0,0,1
895,129,396,222,0,1
174,34,109,1,0,1
741,295,499,130,0,1
1581,98,1441,540,0,1
2782,66,358,37,0,1
16343,1503,1998,2793,38,1
107,41,237,1,0,1
612,29,142,32,0,1
352,17,244,0,0,1
1022,227,271,755,1,1
333,21,45,72,0,1
13035,799,728,7127,5,1
5235,406,495,5739,4,1
249,898,1908,9,1,1
39,31,51,4,0,1
1293,299,435,66,2,1
433,39,72,2,2,1
4061,193,936,1634,0,1
85,3,22,4,0,1
1173,670,1340,63,1,1
3411,112,121,628,0,1
456,43,210,6,0,1
166,100,138,1,0,1
942,126,602,71,2,1
563,100,378,0,0,1
1010,91,205,133,0,1
1322,144,227,37,2,1
3103,119,280,89,0,1
97,58,322,70,0,1
98,38,114,0,0,1
479,180,785,69,0,1
801,147,309,85,2,1
3046,67,94,5,2,1
175,29,102,5,0,1
655,32,62,54,0,1
1095,45,52,2,0,1
1014,345,230,1820,4,1
2471,195,659,71,0,1
3627,227,627,253,0,1
1544,61,160,731,0,1
1583,93,228,73,1,1
591,152,188,413,0,1
2168,93,360,757,0,1
1052,171,373,32,1,1
559,181,173,25,2,1
2943,123,148,83,0,1
5091,137,524,148,2,1
2735,88,70,1681,0,1
255,13,167,3,0,1
168,58,253,2,1,1
22,14,27,0,0,1
887,19,51,1,0,1
289,32,112,83,0,1
606,79,364,12,1,1
386,107,99,6,1,1
538,98,245,29,0,1
315,25,31,4,0,1
729,46,288,463,0,1
575,18,100,4,0,1
7902,281,599,13,6,1
575,8,43,99,0,1
1298,81,253,117,1,1
1402,150,179,244,1,1
80,39,63,5,0,1
4359,145,269,646,0,1
80,22,69,21,0,1
1148,92,540,470,0,1
1464,269,992,769,0,1
665,76,274,907,1,1
1669,74,166,60,1,1
162,76,179,58,0,1
322,72,200,0,0,1
100,35,76,3,0,1
919,15,90,3,0,1
8382,1000,1842,1562,6,1
169,13,41,3,0,1
863,243,904,5,1,1
83,58,207,20,0,1
958,277,403,10,1,1
7739,541,276,154,1,1
1387,55,129,56,1,1
500,35,105,2,0,1
229,32,145,6,0,1
7,11,49,0,0,1
1788,28,97,340,0,1
429,21,118,8,0,1
14,2,6,0,0,1
468,5,12,1,0,1
155,45,173,10,0,1
4904,734,808,29,0,1
3340,120,301,5,2,1
5436,150,95,4167,2,1
211,84,402,15,0,1
2538,199,188,473,0,1
768,63,187,261,0,1
968,125,235,325,1,1
456,23,55,0,0,1
9,67,555,2,1,1
152,3,18,0,0,1
1343,41,45,5,0,1
1048,314,659,139,1,1
713,43,77,0,0,1
16,31,207,1,0,1
1041,115,206,52,0,1
20686,1859,1856,1697,1,1
4178,169,322,780,0,1
1277,300,1019,0,1,1
573,46,109,9,0,1
90,10,22,0,0,1
102,25,160,0,0,1
3280,651,912,1712,4,1
190,12,41,12,0,1
147,22,38,1,0,1
5109,246,408,469,0,1
561,423,391,302,2,1
140,6,104,1,0,1
6948,2059,371,492,42,1
726,237,816,144,1,1
2228,48,164,1,1,1
186,40,152,0,0,1
3209,1193,1987,12,8,1
489,276,448,216,0,1
989,34,105,1,1,1
140,198,171,12,3,1
6720,287,671,1597,0,1
325,139,235,185,1,1
9282,646,646,811,4,1
68,31,95,44,0,1
709,248,707,12,2,1
6469,437,606,2913,3,1
1223,70,161,0,0,1
6181,93,161,353,0,1
42,1,69,0,0,1
133,37,108,28,0,1
500,39,41,5,0,1
281,64,157,25,2,1
174,54,112,5,2,1
985,77,229,295,0,1
688,49,186,42,0,1
1088,117,295,12,0,1
364,32,110,16,0,1
465,24,150,133,0,1
1302,253,608,1,1,1
109,60,168,12,0,1
794,105,480,0,1,1
130,30,127,148,0,1
226,40,114,45,0,1
1923,1798,1876,37,5,1
579,21,18,2,0,1
7074,471,759,6102,4,1
409,74,122,0,0,1
877,99,715,15,0,1
1601,298,399,876,5,1
540,35,89,51,0,1
632,31,99,203,0,1
118,15,71,1,0,1
844,149,121,67,1,1
65,12,111,0,0,1
242,27,128,119,0,1
1912,34,194,8,0,1
14010,1192,1088,1965,14,1
98,22,119,2,0,1
340,64,94,6,0,1
30,28,88,0,0,1
83,34,133,5,0,1
705,1110,991,287,8,1
2179,481,745,287,3,1
1634,38,101,34,0,1
700,36,204,9,0,1
676,61,227,169,1,1
20,4,42,2,0,1
215,54,210,2,1,1
1958,142,203,1247,3,1
188,204,610,3,0,1
4170,1780,1697,483,24,1
1529,70,121,490,0,1
462,92,627,128,0,1
16776,410,516,2338,5,1
5339,253,181,3872,0,1
320,29,31,0,0,1
106,45,167,0,0,1
103,19,52,0,0,1
85,6,80,42,0,1
166,60,284,9,0,1
4855,893,2000,102,2,1
22,51,177,0,0,1
6573,271,280,1143,4,1
550,50,195,22,0,1
619,54,93,639,1,1
486,26,159,1,0,1
169,30,56,21,0,1
1127,93,172,42,1,1
5025,190,164,243,1,1
1726,92,97,707,0,1
1587,312,1200,2,1,1
37,20,142,4,0,1
419,21,116,22,0,1
360,44,102,1,0,1
778,50,67,6,0,1
1153,129,156,81,1,1
74,20,37,0,0,1
2551,180,637,187,1,1
1568,705,1249,489,1,1
919,82,371,264,0,1
3412,10116,246,198,0,1
325,175,149,2,4,1
9717,546,646,1543,2,1
1367,404,1015,2,4,1
682,39,124,12,0,1
2576,63,83,448,1,1
1288,241,663,94,1,1
73,7,18,1,0,1
4898,1498,1478,670,9,1
113,104,369,0,1,1
2492,490,567,17,2,1
2711,160,292,1128,0,1
1105,422,463,1015,3,1
228,23,85,258,0,1
106,3,10,0,0,1
56,62,414,1,0,1
6016,430,503,795,2,1
247,314,278,94,1,1
370,69,143,42,0,1
68,56,533,10,0,1
114,47,87,11,0,1
1396,50,341,5,0,1
154,19,120,17,0,1
5507,1945,195,1,39,1
4112,1113,1304,5155,2,1
120,24,83,16,0,1
421,104,187,20,0,1
116,52,201,4,0,1
389,164,522,169,0,1
1033,181,279,6,8,1
574,112,359,39,0,1
683,67,440,187,0,1
897,17,90,0,0,1
1219,80,169,52,1,1
87,195,335,11,1,1
862,127,266,405,0,1
1393,29,100,31,0,1
292,90,176,62,1,1
29,6,48,0,0,1
32109,1617,1993,6836,4,1
31,9,22,1,0,1
465,13,36,37,0,1
11258,285,512,3274,1,1
185,101,133,22,1,1
296,41,105,5,0,1
609,71,322,38,0,1
7122,564,705,169,5,1
2069,188,725,1095,0,1
1242,717,1092,370,2,1
790,69,220,75,0,1
1906,381,1428,30,0,1
165,132,50,26,0,1
171,50,266,100,0,1
178,48,157,6,0,1
503,546,1224,1,4,1
54,28,126,0,0,1
103,88,229,109,0,1
48,12,66,1,0,1
17,0,35,0,0,1
1651,16,55,5,0,1
6897,766,776,4131,3,1
967,78,142,130,0,1
812,466,911,169,1,1
1391,50,144,104,0,1
45,153,36,1,4,1
621,54,109,94,0,1
1112,87,222,63,0,1
1371,32,143,21,0,1
440,98,770,2,0,1
745,195,554,2,0,1
789,32,68,58,0,1
62,10,58,1,1,1
189,26,91,8,0,1
2227,158,628,331,0,1
1124,166,1440,91,0,1
323,67,319,0,1,1
2414,109,327,67,3,1
439,49,91,64,0,1
147,21,90,0,0,1
672,173,412,170,0,1
1680,110,190,851,2,1
45,15,84,0,0,1
18,8,80,0,0,1
4198,319,298,2720,1,1
51,33,96,1,0,1
21,12,106,0,0,1
4900,171,371,272,0,1
762,71,280,78,0,1
298,37,96,714,1,1
190,76,198,8,0,1
1138,65,115,2,1,1
1373,68,84,86,0,1
825,93,185,10,0,1
571,859,280,28,11,1
948,35,332,201,1,1
19396,915,638,234,11,1
882,147,296,46,5,1
376,86,161,0,1,1
7076,386,736,11277,1,1
1315,71,107,83,0,1
3203,694,886,375,0,1
276,47,188,19,1,1
18470,444,329,5848,8,1
106,230,174,49,0,1
121,175,1187,16,0,1
360,18,65,5,0,1
151,10,32,23,0,1
1473,108,250,7,2,1
209,30,301,6,0,1
343,76,171,290,0,1
243,117,106,26,0,1
260,28,200,61,0,1
10,8,35,0,0,1
1074,31,89,58,0,1
34,72,123,3,0,1
511,82,228,91,2,1
132,26,115,0,0,1
104,11,75,0,0,1
84,9,93,0,0,1
133,32,71,10,0,1
12046,208,267,1356,0,1
736,26,58,7,0,1
2065,473,1391,588,0,1
5036,178,901,1057,1,1
134,34,97,21,0,1
131,79,321,19,1,1
1693,52,154,34,0,1
1688,640,1448,23,1,1
172,17,50,1,0,1
1008,14,36,0,0,1
2236,133,272,953,0,1
101,139,962,41,0,1
42715,3335,3313,44349,31,1
44,2,32,0,0,1
693,101,299,20,0,1
650,18,106,74,0,1
95,14,123,3,0,1
78,57,207,3,0,1
4444,874,797,1,1,1
419,150,341,135,0,1
4759,151,237,4,2,1
11910,1068,880,7280,10,1
236,39,165,620,0,1
186,111,198,0,0,1
349,51,176,98,0,1
232,18,60,3,0,1
767,124,237,1,1,1
2768,5331,285,699,45,1
6752,177,205,97,0,1
2213,162,97,7,1,1
36,17,49,0,0,1
26,8,23,1,0,1
854,37,260,26,0,1
436,41,232,22,2,1
260,56,96,10,2,1
80,30,161,0,0,1
646,137,390,13,1,1
96,26,51,0,0,1
36,16,67,1,1,1
16,9,40,0,0,1
35,5,87,5,0,1
38,10,22,0,0,1
70,22,106,1,0,1
377,83,425,72,0,1
392,23,57,38,1,1
986,77,306,393,0,1
191,13,68,1,0,1
9,8,21,12,0,1
343,11,24,4,0,1
15,17,92,0,0,1
294,179,284,5,0,1
34,10,50,1,1,1
1102,189,164,3,1,1
96,37,135,29,0,1
242,10,63,36,0,1
293,57,53,2,2,1
244,18,40,112,0,1
2312,394,498,906,2,1
3439,474,446,4696,2,1
392,129,335,303,1,1
208,25,91,50,0,1
44,32,55,2,2,1
509,120,100,6,1,1
10,16,124,0,0,1
14,19,50,0,0,1
10,8,42,0,0,1
79,16,75,10,0,1
685,83,249,756,1,1
603,68,122,60,0,1
324,28,208,145,2,1
259,50,76,43,0,1
591,1061,1653,227,2,1
109,274,253,2,13,1
53,8,91,37,0,1
4728,625,580,27,25,1
1585,963,561,1823,0,1
25661,1245,1242,12720,23,1
6514,1289,885,443,14,1
15795,6403,5835,10365,28,1
12826,5109,63,1890,54,1
1365,258,342,3,8,1
49836,1382,1006,387,11,1
19172,4573,831,4845,77,1
194,46,107,6,2,1
5385,308,310,97,6,1
138,105,48,4,2,1
8910,111437,4071,2214,54,1
78338,2800,2406,27726,48,1
428,61,78,8,6,1
1166,354,279,40,2,1
17986,2404,305,9695,35,1
18600,1533,996,4875,17,1
1135,53,77,177,0,1
473,3951,4120,500,12,1
532,212,242,0,0,1
140,27,51,1,0,1
2423,842,38,0,49,1
12197,415,382,116,21,1
4375,521,487,27,2,1
36911,202,133,268,8,1
3329,232,182,261,3,1
70,11,16,0,1,1
1901,61,173,42,1,1
14835,373,874,451,1,1
10954,314,148,149,8,1
2146,76,156,39,1,1
4166,280,536,632,15,1
27096,1057,280,33,13,1
4625,121,256,129,1,1
10043,362,233,56,4,1
22534,715,792,141,2,1
951,47,123,38,1,1
3847,183,132,2345,0,1
22257,495,413,113,1,1
115,16,67,2,0,1
1291,310,341,15,0,1
266,21,50,32,0,1
1502,344,428,110,0,1
7654,154,198,1079,2,1
3074,445,618,501,11,1
23,6,30,4,0,1
5285,170,256,625,1,1
309,280,149,31,7,1
2481,165,175,762,8,1
1346,174,69,3,10,1
3190,105,42,354,0,1
4042,130,154,827,1,1
392,54,72,3,1,1
18611,295,49,1947,0,1
367,40,202,0,0,1
457,70,92,26,0,1
8613,473,373,671,7,1
2740,107,258,39,7,1
42,293,1527,0,6,1
42290,2194,1558,177,100,1
849,90,135,2,0,1
299,82,174,191,2,1
114,17,36,7,0,1
5035,153,221,55,4,1
664,51,38,38,0,1
865,371,300,236,0,1
524,42,40,0,0,1
492,57,83,470,0,1
160,13,23,0,0,1
4681,1206,1650,2235,1,1
25,15,44,7,0,1
27327,973,530,7862,3,1
42,18,18,6,0,1
1487,94,107,332,1,1
285,95,200,80,1,1
34,24,63,4,0,1
9139,1361,142,3906,10,1
69,37,66,31,0,1
423,2,20,0,0,1
597,4,20,0,0,1
59,21,19,13,0,1
17,6,11,0,0,1
62,47,43,0,0,1
10,4,0,0,0,1
323,33,197,1,0,1
49,208,124,14,2,1
66,22,55,0,0,1
4,0,4,3,0,1
3,2,4,0,0,1
2568,351,341,318,2,1
